timestamp,open,high,low,close,adjusted_close,volume,dividend_amount,split_coefficient
2018-03-02,16.6100,16.7000,14.6900,15.9100,15.9100,4378088,0.0000,1.0000
2018-03-01,17.1600,17.4900,16.9900,17.1700,17.1700,1159616,0.0000,1.0000
2018-02-28,17.9700,18.0050,17.1600,17.2300,17.2300,1669830,0.0000,1.0000
2018-02-27,18.3300,18.4000,17.8300,17.9900,17.9900,1337671,0.0000,1.0000
2018-02-26,18.1300,18.4500,17.9000,18.2500,18.2500,1105317,0.0000,1.0000
2018-02-23,18.5700,18.6500,18.0600,18.1500,18.1500,778760,0.0000,1.0000
2018-02-22,18.9400,19.1000,18.3950,18.4200,18.4200,526894,0.0000,1.0000
2018-02-21,19.1300,19.4800,18.8500,18.8500,18.8500,1166889,0.0000,1.0000
2018-02-20,19.7900,19.8700,19.0900,19.1100,19.1100,972900,0.0000,1.0000
2018-02-16,19.5500,20.0400,19.4500,19.9400,19.9400,823901,0.0000,1.0000
2018-02-15,19.6200,19.6801,18.9800,19.5500,19.5500,918364,0.0000,1.0000
2018-02-14,19.0200,19.9300,18.9400,19.6200,19.6200,1016258,0.0000,1.0000
2018-02-13,18.1800,19.4600,18.1600,19.0800,19.0800,1404329,0.0000,1.0000
2018-02-12,17.8800,18.5000,17.4600,18.1900,18.1900,1772685,0.0000,1.0000
2018-02-09,17.5400,17.9000,17.0200,17.8400,17.8400,1925766,0.0000,1.0000
2018-02-08,16.1700,17.8900,16.1100,17.1200,17.1200,2986588,0.0000,1.0000
2018-02-07,14.9000,15.4000,14.8600,15.3300,15.3300,1225501,0.0000,1.0000
2018-02-06,14.4400,14.9900,14.4300,14.8900,14.8900,1056766,0.0000,1.0000
2018-02-05,14.9000,15.0900,14.7050,14.7300,14.7300,1369068,0.0000,1.0000
2018-02-02,15.0600,15.2500,14.9950,15.0200,15.0200,888957,0.0000,1.0000
2018-02-01,15.0300,15.2300,15.0200,15.2000,15.2000,797271,0.0000,1.0000
2018-01-31,15.0900,15.2500,14.9800,15.1500,15.1500,878526,0.0000,1.0000
2018-01-30,14.8100,15.0700,14.6450,15.0100,15.0100,599621,0.0000,1.0000
2018-01-29,14.9900,15.0800,14.8400,14.9600,14.9600,825268,0.0000,1.0000
2018-01-26,15.2100,15.2300,14.9500,15.0500,15.0500,662240,0.0000,1.0000
2018-01-25,15.8100,15.9200,15.1200,15.1600,15.1600,773014,0.0000,1.0000
2018-01-24,15.6500,15.9500,15.4900,15.7300,15.7300,772538,0.0000,1.0000
2018-01-23,15.6500,15.7600,15.4600,15.6300,15.6300,556570,0.0000,1.0000
2018-01-22,15.4500,15.7300,15.3600,15.6700,15.6700,440774,0.0000,1.0000
2018-01-19,15.1100,15.6300,15.0200,15.4900,15.4900,390971,0.0000,1.0000
2018-01-18,15.0900,15.3200,15.0600,15.1400,15.1400,966621,0.0000,1.0000
2018-01-17,15.2500,15.4600,15.0700,15.1400,15.1400,639946,0.0000,1.0000
2018-01-16,15.1000,15.3200,15.0000,15.2100,15.2100,596624,0.0000,1.0000
2018-01-12,15.1100,15.1900,14.9800,15.1100,15.1100,405837,0.0000,1.0000
2018-01-11,14.5700,15.2600,14.4500,15.0400,15.0400,750215,0.0000,1.0000
2018-01-10,14.2800,14.7800,14.1400,14.5200,14.5200,605163,0.0000,1.0000
2018-01-09,14.4000,14.5100,14.3300,14.3400,14.3400,576183,0.0000,1.0000
2018-01-08,14.5800,14.7300,14.1600,14.3900,14.3900,483246,0.0000,1.0000
2018-01-05,14.5900,14.7000,14.2300,14.5900,14.5900,465282,0.0000,1.0000
2018-01-04,14.2000,14.6700,13.9800,14.5800,14.5800,951596,0.0000,1.0000
2018-01-03,15.0500,15.2300,13.9550,14.0800,14.0800,1430388,0.0000,1.0000
2018-01-02,14.6600,15.2100,14.6200,15.1000,15.1000,763213,0.0000,1.0000
2017-12-29,14.7200,14.9900,14.5650,14.5700,14.5700,646853,0.0000,1.0000
2017-12-28,14.5500,14.7700,14.4800,14.7600,14.7600,510107,0.0000,1.0000
2017-12-27,14.7800,14.9000,14.2700,14.5100,14.5100,445974,0.0000,1.0000
2017-12-26,14.7400,15.0000,14.5700,14.8000,14.8000,622268,0.0000,1.0000
2017-12-22,15.0800,15.2500,14.6800,14.7500,14.7500,411225,0.0000,1.0000
2017-12-21,15.0700,15.4200,15.0100,15.2100,15.2100,674249,0.0000,1.0000
2017-12-20,14.9500,15.1400,14.7700,14.9800,14.9800,455424,0.0000,1.0000
2017-12-19,15.1000,15.3400,14.9900,15.0400,15.0400,555074,0.0000,1.0000
2017-12-18,14.8500,15.2400,14.7100,15.1400,15.1400,793955,0.0000,1.0000
2017-12-15,14.5600,14.9400,14.5400,14.7700,14.7700,1767407,0.0000,1.0000
2017-12-14,15.1000,15.6000,14.4625,14.5800,14.5800,1568470,0.0000,1.0000
2017-12-13,14.5000,14.8380,14.4600,14.6800,14.6800,2075369,0.0000,1.0000
2017-12-12,14.0000,14.3600,14.0000,14.2300,14.2300,821773,0.0000,1.0000
2017-12-11,14.5300,14.6700,14.0400,14.0600,14.0600,1092885,0.0000,1.0000
2017-12-08,14.7500,14.8300,14.0500,14.5200,14.5200,1597064,0.0000,1.0000
2017-12-07,15.2700,15.5700,14.6600,14.9700,14.9700,1398599,0.0000,1.0000
2017-12-06,14.8300,14.9800,14.1700,14.7300,14.7300,804156,0.0000,1.0000
2017-12-05,14.8100,14.9600,14.2600,14.8800,14.8800,1366210,0.0000,1.0000
2017-12-04,14.1500,15.1500,14.1200,14.7800,14.7800,1351803,0.0000,1.0000
2017-12-01,14.4400,14.7100,13.9500,13.9900,13.9900,1688268,0.0000,1.0000
2017-11-30,14.6000,14.8300,14.1200,14.4100,14.4100,1049157,0.0000,1.0000
2017-11-29,14.3800,15.0000,14.2600,14.5300,14.5300,1338775,0.0000,1.0000
2017-11-28,14.1600,14.4800,13.8700,14.3400,14.3400,1505518,0.0000,1.0000
2017-11-27,14.1400,14.5000,13.9700,14.1300,14.1300,1534754,0.0000,1.0000
2017-11-24,14.3000,14.3000,13.9900,14.1400,14.1400,392721,0.0000,1.0000
2017-11-22,14.4700,14.5700,14.1600,14.1900,14.1900,573886,0.0000,1.0000
2017-11-21,14.0100,14.4300,13.8100,14.4100,14.4100,1037251,0.0000,1.0000
2017-11-20,14.7800,15.1100,14.0600,14.0700,14.0700,1019997,0.0000,1.0000
2017-11-17,14.1800,14.9900,14.0800,14.8100,14.8100,1203786,0.0000,1.0000
2017-11-16,14.2100,14.8400,14.0700,14.2100,14.2100,1421970,0.0000,1.0000
2017-11-15,13.7200,14.6500,13.3350,14.1900,14.1900,1896892,0.0000,1.0000
2017-11-14,13.2100,13.7100,13.0200,13.6800,13.6800,1870119,0.0000,1.0000
2017-11-13,12.9000,14.4700,12.8000,13.3200,13.3200,2724394,0.0000,1.0000
2017-11-10,13.2050,14.1900,12.6700,13.2800,13.2800,3279630,0.0000,1.0000
2017-11-09,13.0000,13.7300,12.3550,13.2500,13.2500,10717628,0.0000,1.0000
2017-11-08,18.4600,18.7000,17.8600,18.4300,18.4300,2094811,0.0000,1.0000
2017-11-07,19.2400,19.3100,18.4100,18.6400,18.6400,1487565,0.0000,1.0000
2017-11-06,19.4800,19.8200,18.4800,19.2400,19.2400,1484496,0.0000,1.0000
2017-11-03,19.7600,19.9600,19.1800,19.4500,19.4500,1030660,0.0000,1.0000
2017-11-02,20.5900,20.7100,19.7100,19.8000,19.8000,822198,0.0000,1.0000
2017-11-01,20.8600,20.8900,20.2900,20.5500,20.5500,931107,0.0000,1.0000
2017-10-31,21.4700,21.7700,20.4900,20.9100,20.9100,1140738,0.0000,1.0000
2017-10-30,21.4800,21.7200,21.3100,21.5200,21.5200,571245,0.0000,1.0000
2017-10-27,21.7100,21.9600,21.0000,21.6100,21.6100,804995,0.0000,1.0000
2017-10-26,22.4000,22.8000,21.7500,21.7900,21.7900,582768,0.0000,1.0000
2017-10-25,22.3600,22.6300,22.0000,22.3900,22.3900,531822,0.0000,1.0000
2017-10-24,22.0100,22.5500,21.8800,22.3700,22.3700,747391,0.0000,1.0000
2017-10-23,22.0400,22.5800,21.7600,21.8800,21.8800,767507,0.0000,1.0000
2017-10-20,21.8900,22.1700,21.5900,22.0200,22.0200,558308,0.0000,1.0000
2017-10-19,21.3300,21.8900,21.1800,21.7400,21.7400,564708,0.0000,1.0000
2017-10-18,21.0100,21.6000,20.8600,21.4800,21.4800,678520,0.0000,1.0000
2017-10-17,20.7700,21.1000,20.6300,20.9500,20.9500,425684,0.0000,1.0000
2017-10-16,20.9000,21.1600,20.4900,20.7400,20.7400,912385,0.0000,1.0000
2017-10-13,21.1500,21.4600,20.8400,20.8800,20.8800,875449,0.0000,1.0000
2017-10-12,20.6100,21.1500,20.4800,21.1400,21.1400,1145386,0.0000,1.0000
2017-10-11,21.1200,21.2600,20.3700,20.7200,20.7200,984419,0.0000,1.0000
2017-10-10,21.7600,22.0200,21.1200,21.1900,21.1900,943126,0.0000,1.0000
2017-10-09,21.7000,21.9800,21.5300,21.6700,21.6700,677484,0.0000,1.0000
2017-10-06,23.2000,23.2000,21.6500,21.7500,21.7500,1733247,0.0000,1.0000
2017-10-05,22.5400,22.9000,22.3300,22.6000,22.6000,1265583,0.0000,1.0000
2017-10-04,23.2200,23.4100,22.4000,22.4700,22.4700,799025,0.0000,1.0000
2017-10-03,23.6100,23.7100,23.0800,23.1500,23.1500,1009846,0.0000,1.0000
2017-10-02,23.2000,23.6950,23.0500,23.5000,23.5000,756034,0.0000,1.0000
2017-09-29,23.0900,23.4000,22.8100,22.9400,22.9400,668831,0.0000,1.0000
2017-09-28,23.3600,23.5700,22.9300,23.0200,23.0200,898075,0.0000,1.0000
2017-09-27,23.0400,23.4100,22.9500,23.3800,23.3800,748645,0.0000,1.0000
2017-09-26,23.2200,23.6600,22.9500,22.9900,22.9900,642764,0.0000,1.0000
2017-09-25,23.1000,23.5200,22.8800,23.1700,23.1700,949746,0.0000,1.0000
2017-09-22,22.8000,23.2100,22.6200,23.1200,23.1200,657617,0.0000,1.0000
2017-09-21,22.5300,23.1900,22.2500,22.8000,22.8000,689269,0.0000,1.0000
2017-09-20,22.9400,23.2500,22.3500,22.5100,22.5100,1109508,0.0000,1.0000
2017-09-19,22.3800,23.6800,22.3090,23.0000,23.0000,2056245,0.0000,1.0000
2017-09-18,22.6500,22.8820,22.2000,22.3000,22.3000,844680,0.0000,1.0000
2017-09-15,22.0600,22.7000,22.0240,22.6500,22.6500,1368899,0.0000,1.0000
2017-09-14,21.6400,22.2100,21.5110,22.0100,22.0100,980735,0.0000,1.0000
2017-09-13,21.3600,21.7000,21.1700,21.6800,21.6800,589895,0.0000,1.0000
2017-09-12,20.8000,21.8200,20.6900,21.4200,21.4200,898816,0.0000,1.0000
2017-09-11,20.7500,21.4600,20.4900,20.6500,20.6500,1157614,0.0000,1.0000
2017-09-08,20.4900,21.0400,19.6550,20.4900,20.4900,2341037,0.0000,1.0000
2017-09-07,20.9000,21.3500,20.7700,21.2100,21.2100,866947,0.0000,1.0000
2017-09-06,20.5100,21.0000,20.4100,20.9000,20.9000,919569,0.0000,1.0000
2017-09-05,20.5000,20.5200,19.8400,20.4900,20.4900,981500,0.0000,1.0000
2017-09-01,20.4900,20.7600,20.3100,20.5000,20.5000,739194,0.0000,1.0000
2017-08-31,20.7800,21.0100,20.0300,20.5000,20.5000,1510238,0.0000,1.0000
2017-08-30,21.9800,22.0640,20.5500,20.8900,20.8900,1290061,0.0000,1.0000
2017-08-29,22.1300,22.2700,21.8000,22.0100,22.0100,693517,0.0000,1.0000
2017-08-28,22.2900,22.8500,22.2900,22.3300,22.3300,599947,0.0000,1.0000
2017-08-25,22.1400,22.3150,22.0700,22.2900,22.2900,483293,0.0000,1.0000
2017-08-24,21.9600,22.2900,21.8500,22.0600,22.0600,895585,0.0000,1.0000
2017-08-23,22.4600,22.5200,21.7900,21.8100,21.8100,940966,0.0000,1.0000
2017-08-22,23.2400,23.2920,22.4510,22.5900,22.5900,989461,0.0000,1.0000
2017-08-21,23.2700,23.5700,22.7100,23.1500,23.1500,956107,0.0000,1.0000
2017-08-18,23.4400,23.7400,23.0600,23.1500,23.1500,791151,0.0000,1.0000
2017-08-17,23.9500,24.2900,23.6700,23.6800,23.6800,730936,0.0000,1.0000
2017-08-16,23.6100,24.0500,23.4300,24.0000,24.0000,832743,0.0000,1.0000
2017-08-15,24.2800,24.3000,23.5000,23.5500,23.5500,1496625,0.0000,1.0000
2017-08-14,23.5900,24.8300,23.5660,24.3000,24.3000,1576349,0.0000,1.0000
2017-08-11,21.8400,23.7400,21.8400,23.3700,23.3700,2598613,0.0000,1.0000
2017-08-10,24.4700,25.0700,21.6200,21.8600,21.8600,3914600,0.0000,1.0000
2017-08-09,22.2700,22.4700,21.9700,22.3400,22.3400,875405,0.0000,1.0000
2017-08-08,22.3200,22.6800,22.3200,22.3400,22.3400,571261,0.0000,1.0000
2017-08-07,22.5300,22.6300,22.1900,22.3800,22.3800,427945,0.0000,1.0000
2017-08-04,22.1100,22.7200,22.1100,22.5100,22.5100,944349,0.0000,1.0000
2017-08-03,23.2000,23.2200,22.0400,22.2400,22.2400,1818362,0.0000,1.0000
2017-08-02,23.5900,23.6700,23.1200,23.4500,23.4500,585977,0.0000,1.0000
2017-08-01,23.2300,23.6100,22.9500,23.5700,23.5700,1133852,0.0000,1.0000
2017-07-31,23.2100,23.2300,22.8800,23.0900,23.0900,724090,0.0000,1.0000
2017-07-28,23.3500,23.5700,22.7900,23.1300,23.1300,543344,0.0000,1.0000
2017-07-27,22.9900,23.7200,22.8500,23.3900,23.3900,780297,0.0000,1.0000
2017-07-26,22.6500,23.1100,22.5100,22.9600,22.9600,455213,0.0000,1.0000
2017-07-25,22.4600,22.9140,22.3800,22.6600,22.6600,617623,0.0000,1.0000
2017-07-24,22.4300,22.5300,22.0900,22.4500,22.4500,543550,0.0000,1.0000
2017-07-21,23.1700,23.1700,22.5100,22.6200,22.6200,294664,0.0000,1.0000
2017-07-20,22.8500,23.0900,22.8000,23.0300,23.0300,416255,0.0000,1.0000
2017-07-19,22.6000,22.9200,22.6000,22.8600,22.8600,383870,0.0000,1.0000
2017-07-18,22.9800,22.9800,22.4300,22.6300,22.6300,465804,0.0000,1.0000
2017-07-17,22.9200,23.2400,22.7000,23.0700,23.0700,656661,0.0000,1.0000
2017-07-14,22.7600,23.2300,22.7600,22.9300,22.9300,782257,0.0000,1.0000
2017-07-13,22.2500,22.8906,22.2500,22.7800,22.7800,618110,0.0000,1.0000
2017-07-12,22.6400,23.0100,22.2500,22.3000,22.3000,584642,0.0000,1.0000
2017-07-11,22.6700,22.9900,22.0400,22.5000,22.5000,1281792,0.0000,1.0000
2017-07-10,22.2500,22.6300,22.0300,22.2700,22.2700,1426702,0.0000,1.0000
2017-07-07,22.5400,22.7000,22.2300,22.3200,22.3200,645366,0.0000,1.0000
2017-07-06,22.5800,22.9300,22.1700,22.5500,22.5500,768789,0.0000,1.0000
2017-07-05,22.5600,22.6900,22.0300,22.5200,22.5200,946559,0.0000,1.0000
2017-07-03,22.5800,23.1500,22.4100,22.6400,22.6400,497554,0.0000,1.0000
2017-06-30,22.7200,22.9200,22.0900,22.5100,22.5100,1117828,0.0000,1.0000
2017-06-29,22.9300,23.2700,22.3900,22.9900,22.9900,2153573,0.0000,1.0000
2017-06-28,23.3300,23.5800,22.9500,22.9900,22.9900,974004,0.0000,1.0000
2017-06-27,22.8400,23.4700,22.8200,23.2500,23.2500,758094,0.0000,1.0000
2017-06-26,22.8400,23.2600,22.5100,22.9500,22.9500,835633,0.0000,1.0000
2017-06-23,22.2700,22.9200,22.0100,22.7000,22.7000,5806447,0.0000,1.0000
2017-06-22,22.3500,22.7200,22.1700,22.3400,22.3400,864837,0.0000,1.0000
2017-06-21,23.0200,23.2100,22.1500,22.3900,22.3900,1167105,0.0000,1.0000
2017-06-20,23.8600,24.0100,22.9550,22.9700,22.9700,545334,0.0000,1.0000
2017-06-19,23.8500,24.0400,23.4100,23.9000,23.9000,663433,0.0000,1.0000
2017-06-16,23.6500,23.7600,23.1900,23.7600,23.7600,713589,0.0000,1.0000
2017-06-15,24.5500,24.5700,23.6700,23.6900,23.6900,815421,0.0000,1.0000
2017-06-14,24.2400,24.7300,23.8900,24.6800,24.6800,1009070,0.0000,1.0000
2017-06-13,23.9200,24.4000,23.6300,24.1300,24.1300,868902,0.0000,1.0000
2017-06-12,23.7100,24.5700,23.7100,24.0300,24.0300,1177878,0.0000,1.0000
2017-06-09,22.7700,23.9700,22.5700,23.8000,23.8000,1265407,0.0000,1.0000
2017-06-08,22.0100,23.7300,22.0000,22.7600,22.7600,2477354,0.0000,1.0000
2017-06-07,21.9800,22.2000,20.9700,21.1600,21.1600,1621038,0.0000,1.0000
2017-06-06,21.8600,22.2300,21.4800,22.0300,22.0300,758505,0.0000,1.0000
2017-06-05,22.3700,22.3800,21.8850,21.9500,21.9500,1056166,0.0000,1.0000
2017-06-02,22.2000,22.6200,21.8100,22.4000,22.4000,1078266,0.0000,1.0000
2017-06-01,20.9100,22.4900,20.8750,22.1300,22.1300,1372242,0.0000,1.0000
2017-05-31,20.7900,21.2000,20.5500,20.9800,20.9800,697974,0.0000,1.0000
2017-05-30,21.1400,21.1400,20.6600,20.7900,20.7900,2028920,0.0000,1.0000
2017-05-26,21.1600,21.3200,20.8500,21.1800,21.1800,554583,0.0000,1.0000
2017-05-25,22.0100,22.1000,21.0350,21.1100,21.1100,1399717,0.0000,1.0000
2017-05-24,21.7400,22.1750,21.7300,21.8900,21.8900,745306,0.0000,1.0000
2017-05-23,21.6700,21.9400,21.5500,21.7900,21.7900,827040,0.0000,1.0000
2017-05-22,21.8500,22.2400,21.6600,21.6900,21.6900,640381,0.0000,1.0000
2017-05-19,21.9400,22.1900,21.4000,21.8000,21.8000,928994,0.0000,1.0000
2017-05-18,22.0800,22.1100,21.8000,21.9900,21.9900,1450738,0.0000,1.0000
2017-05-17,22.0600,22.5300,21.5630,22.0000,22.0000,1531725,0.0000,1.0000
2017-05-16,23.0000,23.1200,22.0100,22.0600,22.0600,1351886,0.0000,1.0000
2017-05-15,22.0000,23.5550,21.9800,23.0500,23.0500,2067936,0.0000,1.0000
2017-05-12,21.5200,21.9200,20.5500,21.9100,21.9100,2569870,0.0000,1.0000
2017-05-11,19.0400,21.7650,18.9900,21.4900,21.4900,58897,0.0000,1.0000
2017-05-10,19.7800,20.7500,19.6400,20.5400,20.5400,1740546,0.0000,1.0000
2017-05-09,19.1300,19.9700,19.0900,19.7700,19.7700,1488093,0.0000,1.0000
2017-05-08,19.5100,19.6600,19.0500,19.0900,19.0900,733060,0.0000,1.0000
2017-05-05,19.4800,19.7900,19.3500,19.6600,19.6600,546801,0.0000,1.0000
2017-05-04,19.2300,19.4600,19.1500,19.4500,19.4500,632629,0.0000,1.0000
2017-05-03,19.6100,19.6100,19.1000,19.2300,19.2300,672333,0.0000,1.0000
2017-05-02,19.4500,19.7500,19.3700,19.6000,19.6000,668219,0.0000,1.0000
2017-05-01,19.6100,19.8700,19.3500,19.4000,19.4000,861809,0.0000,1.0000
2017-04-28,20.0000,20.0000,19.4000,19.5600,19.5600,674046,0.0000,1.0000
2017-04-27,19.7200,20.1300,19.4700,20.0200,20.0200,772930,0.0000,1.0000
2017-04-26,19.2800,19.9500,19.2800,19.7000,19.7000,935112,0.0000,1.0000
2017-04-25,19.0300,19.2650,18.9600,19.2500,19.2500,611600,0.0000,1.0000
2017-04-24,19.1700,19.2700,18.9500,19.0000,19.0000,496472,0.0000,1.0000
2017-04-21,19.0900,19.1400,18.9600,19.0600,19.0600,407977,0.0000,1.0000
2017-04-20,19.1900,19.2900,18.9700,19.1200,19.1200,368303,0.0000,1.0000
2017-04-19,19.1100,19.4000,19.0300,19.1400,19.1400,472355,0.0000,1.0000
2017-04-18,19.0700,19.0800,18.8900,19.0800,19.0800,442566,0.0000,1.0000
2017-04-17,18.7700,19.0900,18.7100,19.0700,19.0700,380898,0.0000,1.0000
2017-04-13,18.6700,18.8300,18.3300,18.8000,18.8000,586901,0.0000,1.0000
2017-04-12,19.0800,19.2750,18.5000,18.6300,18.6300,710576,0.0000,1.0000
2017-04-11,18.9900,19.3700,18.9350,19.1700,19.1700,726146,0.0000,1.0000
2017-04-10,18.4600,19.0100,18.4250,18.9500,18.9500,689953,0.0000,1.0000
2017-04-07,19.0200,19.1200,18.3600,18.4200,18.4200,1063133,0.0000,1.0000
2017-04-06,18.8200,19.2300,18.6800,19.1700,19.1700,872108,0.0000,1.0000
2017-04-05,18.8000,19.0800,18.5800,18.8600,18.8600,1130378,0.0000,1.0000
2017-04-04,19.4400,19.5790,18.3200,18.7900,18.7900,2241639,0.0000,1.0000
2017-04-03,20.6200,21.0300,19.4900,19.5400,19.5400,2274345,0.0000,1.0000
2017-03-31,20.0900,20.6400,20.0800,20.5900,20.5900,944615,0.0000,1.0000
2017-03-30,20.0200,20.1700,19.6400,20.0800,20.0800,828368,0.0000,1.0000
2017-03-29,20.0000,20.1700,19.7400,19.9900,19.9900,1315146,0.0000,1.0000
2017-03-28,20.2000,20.4200,19.8500,19.9900,19.9900,1022209,0.0000,1.0000
2017-03-27,20.3100,20.3500,19.9400,20.2700,20.2700,1091093,0.0000,1.0000
2017-03-24,20.7300,20.9400,20.0500,20.3100,20.3100,1175654,0.0000,1.0000
2017-03-23,20.7300,20.7800,20.3500,20.6900,20.6900,604594,0.0000,1.0000
2017-03-22,20.6900,21.5400,20.6100,20.7500,20.7500,1142350,0.0000,1.0000
2017-03-21,20.9200,20.9200,20.5200,20.7300,20.7300,659955,0.0000,1.0000
2017-03-20,20.7800,20.9700,20.4500,20.7200,20.7200,864366,0.0000,1.0000
2017-03-17,20.6900,20.9300,20.5800,20.8900,20.8900,8706289,0.0000,1.0000
2017-03-16,20.6800,20.8900,20.5100,20.7200,20.7200,507052,0.0000,1.0000
2017-03-15,20.3000,20.7900,19.9100,20.6800,20.6800,1309441,0.0000,1.0000
2017-03-14,20.3700,20.3700,20.0500,20.2200,20.2200,945227,0.0000,1.0000
2017-03-13,20.7700,20.8000,20.0900,20.4200,20.4200,910152,0.0000,1.0000
2017-03-10,20.6600,21.1400,20.5500,20.7100,20.7100,996453,0.0000,1.0000
2017-03-09,20.8200,20.9000,20.3600,20.5100,20.5100,445306,0.0000,1.0000
2017-03-08,20.2200,20.9100,20.1200,20.7900,20.7900,640592,0.0000,1.0000
2017-03-07,20.3600,20.5000,20.0500,20.3000,20.3000,637615,0.0000,1.0000
2017-03-06,20.4200,20.5200,20.0500,20.4800,20.4800,855207,0.0000,1.0000
2017-03-03,20.5300,20.6580,20.0600,20.4700,20.4700,1024646,0.0000,1.0000
2017-03-02,20.3500,20.7900,20.2200,20.7700,20.7700,1096032,0.0000,1.0000
2017-03-01,20.4500,20.5550,20.0700,20.3700,20.3700,1657655,0.0000,1.0000
2017-02-28,20.8700,20.8700,20.2100,20.2300,20.2300,1102577,0.0000,1.0000
2017-02-27,20.7500,21.1800,20.2500,20.9500,20.9500,1496290,0.0000,1.0000
2017-02-24,20.1500,20.7500,19.8300,20.7200,20.7200,1417001,0.0000,1.0000
2017-02-23,20.5500,20.6100,20.1500,20.1900,20.1900,1997145,0.0000,1.0000
2017-02-22,20.4100,20.8100,20.1810,20.5900,20.5900,1062238,0.0000,1.0000
2017-02-21,20.8300,20.9900,20.0000,20.3400,20.3400,1508770,0.0000,1.0000
2017-02-17,21.1100,21.3090,20.7100,20.8900,20.8900,1105711,0.0000,1.0000
2017-02-16,20.8000,21.5900,20.4000,21.0900,21.0900,2415076,0.0000,1.0000
2017-02-15,20.4300,20.4300,20.0100,20.3100,20.3100,2570387,0.0000,1.0000
2017-02-14,20.7900,20.9900,20.2100,20.3700,20.3700,2362325,0.0000,1.0000
2017-02-13,21.4500,21.5700,20.6000,20.7300,20.7300,2263136,0.0000,1.0000
2017-02-10,21.0100,21.9800,21.0100,21.5800,21.5800,4099381,0.0000,1.0000
2017-02-09,20.9300,22.9650,19.7200,20.9500,20.9500,10127829,0.0000,1.0000
2017-02-08,25.1500,25.8500,25.0700,25.7400,25.7400,1958994,0.0000,1.0000
2017-02-07,25.3800,25.8000,25.0100,25.1200,25.1200,1030235,0.0000,1.0000
2017-02-06,25.1200,25.8200,24.4600,25.3900,25.3900,2340085,0.0000,1.0000
2017-02-03,27.2800,27.3100,25.9950,26.1800,26.1800,2108283,0.0000,1.0000
2017-02-02,27.8000,27.8000,26.8750,26.9800,26.9800,1225195,0.0000,1.0000
2017-02-01,28.8500,28.9200,27.8900,27.9500,27.9500,1680802,0.0000,1.0000
2017-01-31,28.1500,28.9100,28.0000,28.8100,28.8100,1813701,0.0000,1.0000
2017-01-30,28.2800,28.3900,27.4800,28.3000,28.3000,1980874,0.0000,1.0000
2017-01-27,28.6800,29.1200,27.8201,28.3300,28.3300,2211384,0.0000,1.0000
2017-01-26,28.7300,29.0400,28.3150,28.7300,28.7300,1876091,0.0000,1.0000
2017-01-25,27.8200,28.8700,27.8200,28.7800,28.7800,1300731,0.0000,1.0000
2017-01-24,27.4400,27.8600,27.1400,27.8200,27.8200,1110155,0.0000,1.0000
2017-01-23,27.7800,28.1200,27.4000,27.4700,27.4700,974444,0.0000,1.0000
2017-01-20,27.8000,28.5900,27.6500,27.7800,27.7800,1893880,0.0000,1.0000
2017-01-19,27.2700,27.8400,26.9100,27.8400,27.8400,1992560,0.0000,1.0000
2017-01-18,28.4600,28.6599,27.3600,27.4500,27.4500,2459135,0.0000,1.0000
2017-01-17,28.4000,28.8300,28.2500,28.5400,28.5400,1645851,0.0000,1.0000
2017-01-13,29.1900,29.4200,28.1600,28.7000,28.7000,3280649,0.0000,1.0000
2017-01-12,35.3100,35.5900,28.0301,29.5800,29.5800,11483995,0.0000,1.0000
2017-01-11,37.9500,38.2590,37.6000,37.7900,37.7900,268890,0.0000,1.0000
2017-01-10,37.7100,38.0000,37.3000,37.7700,37.7700,273538,0.0000,1.0000
2017-01-09,38.0800,38.3600,37.5300,37.5900,37.5900,354886,0.0000,1.0000
2017-01-06,39.3900,39.3900,38.0600,38.0800,38.0800,493908,0.0000,1.0000
2017-01-05,38.3300,39.4900,38.0617,39.3400,39.3400,618730,0.0000,1.0000
2017-01-04,38.5700,38.9400,38.0000,38.6000,38.6000,628990,0.0000,1.0000
2017-01-03,37.2700,38.5200,37.1500,38.4000,38.4000,633508,0.0000,1.0000
2016-12-30,37.0300,37.4400,36.8900,36.9000,36.9000,467585,0.0000,1.0000
2016-12-29,37.1200,37.5699,36.9400,37.0800,37.0800,360149,0.0000,1.0000
2016-12-28,37.9700,38.0900,37.1200,37.2200,37.2200,413856,0.0000,1.0000
2016-12-27,38.0300,38.1500,37.7250,37.9200,37.9200,430267,0.0000,1.0000
2016-12-23,38.3600,38.4200,37.9600,38.0200,38.0200,411640,0.0000,1.0000
2016-12-22,38.0500,38.4000,38.0500,38.3400,38.3400,563840,0.0000,1.0000
2016-12-21,38.2900,38.5300,38.1000,38.2300,38.2300,383068,0.0000,1.0000
2016-12-20,37.9000,38.6000,37.8432,38.2700,38.2700,517754,0.0000,1.0000
2016-12-19,37.0100,37.9400,36.9300,37.9400,37.9400,817489,0.0000,1.0000
2016-12-16,37.5400,37.7000,36.7600,36.8100,36.8100,2023289,0.0000,1.0000
2016-12-15,38.3400,38.4424,37.5400,37.5800,37.5800,574350,0.0000,1.0000
2016-12-14,38.5300,38.6200,38.0200,38.1400,38.1400,656952,0.0000,1.0000
2016-12-13,38.3700,39.0500,38.3200,38.4700,38.4700,572596,0.0000,1.0000
2016-12-12,38.4600,38.6800,38.0800,38.4900,38.4900,800538,0.0000,1.0000
2016-12-09,39.8000,40.0300,38.5700,38.6200,38.6200,844300,0.0000,1.0000
2016-12-08,39.4500,39.9100,39.3600,39.8600,39.8600,552633,0.0000,1.0000
2016-12-07,40.1400,40.1400,39.3200,39.5000,39.5000,936530,0.0000,1.0000
2016-12-06,39.9700,40.1000,39.2600,40.0700,40.0700,601294,0.0000,1.0000
2016-12-05,39.8600,40.3400,39.6200,39.8000,39.8000,433913,0.0000,1.0000
2016-12-02,39.5000,40.1200,39.2350,39.6600,39.6600,884069,0.0000,1.0000
2016-12-01,40.1300,40.4900,39.4300,39.8200,39.8200,734506,0.0000,1.0000
2016-11-30,40.2100,40.4200,39.3500,40.1500,40.1500,978526,0.0000,1.0000
2016-11-29,40.6700,40.9700,40.1700,40.2400,40.2400,562750,0.0000,1.0000
2016-11-28,41.0000,41.1500,40.2810,40.5000,40.5000,474993,0.0000,1.0000
2016-11-25,41.0000,41.2900,40.8100,41.0500,41.0500,200146,0.0000,1.0000
2016-11-23,40.0200,40.9800,39.6100,40.9600,40.9600,508523,0.0000,1.0000
2016-11-22,40.4300,40.8700,40.0800,40.2800,40.2800,685094,0.0000,1.0000
2016-11-21,39.9700,40.5098,39.8200,40.4100,40.4100,665717,0.0000,1.0000
2016-11-18,39.9700,40.2500,39.5700,40.0200,40.0200,838256,0.0000,1.0000
2016-11-17,38.5200,39.6200,38.3800,39.6000,39.6000,766496,0.0000,1.0000
2016-11-16,37.8300,38.5700,37.8000,38.3800,38.3800,639602,0.0000,1.0000
2016-11-15,38.6300,38.6400,38.0100,38.1100,38.1100,607618,0.0000,1.0000
2016-11-14,38.0700,39.6200,37.8300,38.6100,38.6100,1025147,0.0000,1.0000
2016-11-11,37.7800,38.4000,37.4305,37.8700,37.8700,1239816,0.0000,1.0000
2016-11-10,38.9200,40.9200,37.7600,37.9900,37.9900,2354285,0.0000,1.0000
2016-11-09,37.8700,38.1800,37.1200,37.7300,37.7300,1519081,0.0000,1.0000
2016-11-08,38.5100,39.6400,38.2900,38.9400,38.9400,812667,0.0000,1.0000
2016-11-07,39.4100,39.4300,38.3600,38.5500,38.5500,846133,0.0000,1.0000
2016-11-04,38.2400,39.5500,38.2400,38.9900,38.9900,466652,0.0000,1.0000
2016-11-03,38.0000,38.4000,37.9110,38.1700,38.1700,362945,0.0000,1.0000
2016-11-02,38.1500,38.5100,37.8950,37.9200,37.9200,318711,0.0000,1.0000
2016-11-01,38.8500,38.8500,37.9900,38.1200,38.1200,314162,0.0000,1.0000
2016-10-31,38.5900,38.8900,38.2500,38.6700,38.6700,344376,0.0000,1.0000
2016-10-28,38.7000,39.3000,38.4300,38.4300,38.4300,333821,0.0000,1.0000
2016-10-27,39.1500,39.1500,38.7300,38.8800,38.8800,443968,0.0000,1.0000
2016-10-26,38.6400,39.1100,38.4900,39.0500,39.0500,524887,0.0000,1.0000
2016-10-25,38.7600,38.8200,38.3600,38.7200,38.7200,274233,0.0000,1.0000
2016-10-24,39.2400,39.2400,38.5100,38.8200,38.8200,307190,0.0000,1.0000
2016-10-21,38.6200,38.9200,38.1600,38.7300,38.7300,318449,0.0000,1.0000
2016-10-20,38.6300,39.2000,38.2800,38.8000,38.8000,459227,0.0000,1.0000
2016-10-19,38.6700,38.8700,38.2600,38.7700,38.7700,321145,0.0000,1.0000
2016-10-18,38.4600,38.7000,37.9000,38.4900,38.4900,475885,0.0000,1.0000
2016-10-17,38.0600,38.5600,37.9200,38.1100,38.1100,362290,0.0000,1.0000
2016-10-14,37.1600,38.0400,37.1600,37.9000,37.9000,474156,0.0000,1.0000
2016-10-13,37.0700,37.4400,37.0100,37.1900,37.1900,415754,0.0000,1.0000
2016-10-12,37.1300,37.7900,37.0500,37.3200,37.3200,331210,0.0000,1.0000
2016-10-11,37.4900,37.8100,37.0000,37.0300,37.0300,543248,0.0000,1.0000
2016-10-10,37.5700,38.1400,37.5100,37.6400,37.6400,562303,0.0000,1.0000
2016-10-07,37.7900,37.9600,37.1500,37.3200,37.3200,858928,0.0000,1.0000
2016-10-06,39.1600,39.3800,37.3800,37.8500,37.8500,1279345,0.0000,1.0000
2016-10-05,39.0200,39.5700,38.9400,39.1500,39.1500,765853,0.0000,1.0000
2016-10-04,39.4700,39.6400,38.8400,39.0900,39.0900,493127,0.0000,1.0000
2016-10-03,39.8200,40.1000,39.4400,39.6200,39.6200,457331,0.0000,1.0000
2016-09-30,39.5800,40.2100,39.4400,39.8600,39.8600,580826,0.0000,1.0000
2016-09-29,39.5400,39.9400,39.3000,39.4400,39.4400,529636,0.0000,1.0000
2016-09-28,39.8300,39.9900,39.3900,39.6600,39.6600,531554,0.0000,1.0000
2016-09-27,39.2400,39.7800,39.1490,39.6900,39.6900,325949,0.0000,1.0000
2016-09-26,39.6200,39.6700,39.2400,39.3100,39.3100,294316,0.0000,1.0000
2016-09-23,39.3100,39.8909,39.2820,39.8300,39.8300,313416,0.0000,1.0000
2016-09-22,39.0300,39.5300,38.9800,39.4500,39.4500,364214,0.0000,1.0000
2016-09-21,38.3900,38.8700,38.3800,38.8100,38.8100,217581,0.0000,1.0000
2016-09-20,39.1100,39.1150,38.1600,38.1700,38.1700,354617,0.0000,1.0000
2016-09-19,38.5000,39.3900,38.3400,39.0300,39.0300,656164,0.0000,1.0000
2016-09-16,38.1900,38.4700,38.0851,38.2100,38.2100,621616,0.0000,1.0000
2016-09-15,38.0400,38.5000,37.4100,38.4200,38.4200,708383,0.0000,1.0000
2016-09-14,38.6300,38.6300,37.8000,38.0200,38.0200,282195,0.0000,1.0000
2016-09-13,39.2100,39.2450,38.4100,38.5700,38.5700,344135,0.0000,1.0000
2016-09-12,38.9000,39.6300,38.5200,39.5000,39.5000,557232,0.0000,1.0000
2016-09-09,39.8000,40.1000,39.0800,39.0800,39.0800,410474,0.0000,1.0000
2016-09-08,39.9200,40.1000,39.8600,40.0600,40.0600,299592,0.0000,1.0000
2016-09-07,39.8700,40.4300,39.8100,40.0700,40.0700,456393,0.0000,1.0000
2016-09-06,40.2900,40.3350,39.7000,40.0700,40.0700,524139,0.0000,1.0000
2016-09-02,39.8400,40.2900,39.6400,40.1600,40.1600,548996,0.0000,1.0000
2016-09-01,40.0700,40.0700,39.4100,39.8500,39.8500,316987,0.0000,1.0000
2016-08-31,39.9100,40.1600,39.5350,39.8200,39.8200,554893,0.0000,1.0000
2016-08-30,40.6700,40.9300,39.5100,39.9800,39.9800,721026,0.0000,1.0000
2016-08-29,39.1700,39.5700,39.0900,39.3800,39.3800,409592,0.0000,1.0000
2016-08-26,39.2900,39.6600,38.8100,39.0400,39.0400,504096,0.0000,1.0000
2016-08-25,39.1400,39.5400,38.8500,39.1900,39.1900,328438,0.0000,1.0000
2016-08-24,39.1700,39.3400,38.6700,38.8800,38.8800,415104,0.0000,1.0000
2016-08-23,39.3000,39.7300,39.0000,39.1300,39.1300,421265,0.0000,1.0000
2016-08-22,39.3000,39.3200,39.0100,39.1200,39.1200,624494,0.0000,1.0000
2016-08-19,39.4400,39.6300,39.1600,39.2200,39.2200,752801,0.0000,1.0000
2016-08-18,39.5000,39.7935,39.3700,39.5400,39.5400,512152,0.0000,1.0000
2016-08-17,40.0900,40.0900,39.3500,39.6200,39.6200,1075186,0.0000,1.0000
2016-08-16,41.1000,41.1100,39.9400,40.1200,40.1200,1535047,0.0000,1.0000
2016-08-15,42.1300,42.2000,40.9250,41.0800,41.0800,963076,0.0000,1.0000
2016-08-12,42.3000,43.1500,41.0401,41.9600,41.9600,2230590,0.0000,1.0000
2016-08-11,46.4100,46.9500,42.1900,42.7500,42.7500,4029961,0.0000,1.0000
2016-08-10,51.4300,51.5100,50.7200,51.3400,51.3400,512329,0.0000,1.0000
2016-08-09,51.7800,51.9300,51.5200,51.6800,51.6800,134631,0.0000,1.0000
2016-08-08,51.6000,51.8500,51.3700,51.8000,51.8000,231088,0.0000,1.0000
2016-08-05,51.6000,51.9350,51.3500,51.5800,51.5800,274188,0.0000,1.0000
2016-08-04,51.3600,52.0800,51.3600,51.5500,51.5500,532841,0.0000,1.0000
2016-08-03,50.5100,51.3100,50.1200,51.3000,51.3000,287191,0.0000,1.0000
2016-08-02,50.8500,50.8500,50.2500,50.6300,50.6300,407748,0.0000,1.0000
2016-08-01,50.6600,50.7400,49.9860,50.7200,50.7200,421884,0.0000,1.0000
2016-07-29,49.8700,50.2000,49.6000,50.0500,50.0500,232043,0.0000,1.0000
2016-07-28,49.9700,50.1700,49.6350,49.9700,49.9700,174900,0.0000,1.0000
2016-07-27,50.0400,50.3000,49.6000,50.0500,50.0500,229631,0.0000,1.0000
2016-07-26,50.0400,50.7310,49.9050,49.9800,49.9800,153626,0.0000,1.0000
2016-07-25,49.6500,50.1600,49.5100,50.0800,50.0800,337877,0.0000,1.0000
2016-07-22,49.8500,49.9300,49.2700,49.7600,49.7600,354985,0.0000,1.0000
2016-07-21,50.5100,50.8800,49.5400,49.6800,49.6800,279592,0.0000,1.0000
2016-07-20,49.6700,50.3600,49.6700,50.3000,50.3000,311312,0.0000,1.0000
2016-07-19,49.4800,49.9600,49.4500,49.6900,49.6900,136696,0.0000,1.0000
2016-07-18,50.0000,50.3600,49.5500,49.6000,49.6000,225393,0.0000,1.0000
2016-07-15,50.0500,50.2400,49.8900,49.9400,49.9400,161781,0.0000,1.0000
2016-07-14,50.0000,50.5700,49.8800,49.9100,49.9100,272064,0.0000,1.0000
2016-07-13,50.1200,50.2500,49.8600,49.9300,49.9300,297596,0.0000,1.0000
2016-07-12,50.3400,50.3400,49.8600,50.0500,50.0500,314397,0.0000,1.0000
2016-07-11,49.8900,50.2000,49.8900,50.0100,50.0100,266025,0.0000,1.0000
2016-07-08,49.2700,50.2850,49.2700,49.8600,49.8600,466884,0.0000,1.0000
2016-07-07,48.0200,48.9600,48.0200,48.9500,48.9500,316983,0.0000,1.0000
2016-07-06,47.2500,48.1200,47.2500,47.9000,47.9000,826448,0.0000,1.0000
2016-07-05,47.7900,47.9700,47.2400,47.3800,47.3800,345181,0.0000,1.0000
2016-07-01,47.6600,47.8450,47.4900,47.7900,47.7900,596909,0.0000,1.0000
2016-06-30,47.1400,47.8600,47.0600,47.7300,47.7300,775283,0.0000,1.0000
2016-06-29,46.7600,47.5500,46.7600,47.4100,47.4100,308859,0.0000,1.0000
2016-06-28,46.4600,46.7600,46.0000,46.3800,46.3800,342289,0.0000,1.0000
2016-06-27,46.3400,46.5400,45.1800,46.2800,46.2800,810589,0.0000,1.0000
2016-06-24,46.1800,46.9880,45.9700,46.6000,46.6000,650438,0.0000,1.0000
2016-06-23,47.8500,47.8799,47.2600,47.5500,47.5500,415241,0.0000,1.0000
2016-06-22,48.0100,48.1600,47.2900,47.4000,47.4000,490186,0.0000,1.0000
2016-06-21,48.5000,48.7700,47.8700,48.0100,48.0100,304789,0.0000,1.0000
2016-06-20,47.9500,49.0500,47.6000,48.5900,48.5900,533083,0.0000,1.0000
2016-06-17,47.3700,47.6300,46.5700,47.6300,47.6300,676850,0.0000,1.0000
2016-06-16,47.6100,48.6450,46.6700,47.0600,47.0600,322768,0.0000,1.0000
2016-06-15,47.7700,48.3500,47.4500,47.5600,47.5600,410631,0.0000,1.0000
2016-06-14,47.2000,47.5300,46.6650,47.3500,47.3500,806138,0.0000,1.0000
2016-06-13,48.3500,49.0400,47.0600,47.1300,47.1300,788387,0.0000,1.0000
2016-06-10,47.2900,47.6400,46.9445,47.0400,47.0400,453736,0.0000,1.0000
2016-06-09,47.5700,47.8500,47.3200,47.6900,47.6900,339125,0.0000,1.0000
2016-06-08,48.0000,48.4200,47.6200,47.6400,47.6400,299546,0.0000,1.0000
2016-06-07,47.7700,47.9700,47.2000,47.9100,47.9100,531809,0.0000,1.0000
2016-06-06,49.2900,49.3500,47.3000,47.9700,47.9700,887053,0.0000,1.0000
2016-06-03,50.6100,50.7400,49.3700,49.4100,49.4100,507302,0.0000,1.0000
2016-06-02,50.1800,50.8250,50.0500,50.6300,50.6300,238303,0.0000,1.0000
2016-06-01,50.1100,50.4300,49.8000,50.3600,50.3600,452155,0.0000,1.0000
2016-05-31,49.2700,50.2700,49.1500,50.1800,50.1800,358282,0.0000,1.0000
2016-05-27,49.2900,49.4800,48.7800,49.1500,49.1500,502157,0.0000,1.0000
2016-05-26,50.2400,50.4475,49.3900,49.4100,49.4100,423906,0.0000,1.0000
2016-05-25,49.4700,50.3400,49.4600,50.2000,50.2000,597386,0.0000,1.0000
2016-05-24,48.9000,49.7700,48.5950,49.4600,49.4600,591954,0.0000,1.0000
2016-05-23,48.6000,49.0500,48.4200,48.6000,48.6000,417501,0.0000,1.0000
2016-05-20,47.5700,48.7100,47.5200,48.6500,48.6500,508749,0.0000,1.0000
2016-05-19,47.3900,48.0700,47.2900,47.3400,47.3400,581893,0.0000,1.0000
2016-05-18,47.8200,48.2800,47.4600,47.8100,47.8100,496032,0.0000,1.0000
2016-05-17,48.4300,48.7700,47.6700,47.8400,47.8400,545554,0.0000,1.0000
2016-05-16,47.5300,48.8700,47.2300,48.5400,48.5400,518633,0.0000,1.0000
2016-05-13,48.4700,48.7300,47.4150,47.7700,47.7700,521111,0.0000,1.0000
2016-05-12,46.9200,48.7100,46.2100,48.2800,48.2800,1946121,0.0000,1.0000
2016-05-11,48.0600,48.3900,46.7400,46.9900,46.9900,560998,0.0000,1.0000
2016-05-10,47.7800,48.7800,47.3650,48.0900,48.0900,779403,0.0000,1.0000
2016-05-09,47.7800,48.4600,47.4800,47.5400,47.5400,475313,0.0000,1.0000
2016-05-06,47.6200,48.0100,46.9800,47.6500,47.6500,340138,0.0000,1.0000
2016-05-05,48.4400,48.4400,47.5400,47.8600,47.8600,452174,0.0000,1.0000
2016-05-04,48.6100,49.0600,48.3100,48.3600,48.3600,305746,0.0000,1.0000
2016-05-03,48.2800,48.8800,47.8800,48.7300,48.7300,579688,0.0000,1.0000
2016-05-02,47.7800,48.8400,47.6300,48.5500,48.5500,421789,0.0000,1.0000
2016-04-29,47.8000,48.1600,47.4500,47.9800,47.9800,284853,0.0000,1.0000
2016-04-28,48.7500,48.9600,47.7300,47.8900,47.8900,388099,0.0000,1.0000
2016-04-27,48.7000,48.8100,48.5100,48.7600,48.7600,333836,0.0000,1.0000
2016-04-26,48.6300,48.9800,48.5200,48.7200,48.7200,377260,0.0000,1.0000
2016-04-25,49.1000,49.1000,48.0700,48.4900,48.4900,282618,0.0000,1.0000
2016-04-22,48.6000,49.1100,48.2500,49.1100,49.1100,91819,0.0000,1.0000
2016-04-21,48.7300,49.4400,48.3700,48.5000,48.5000,88169,0.0000,1.0000
2016-04-20,48.4000,49.2400,48.3510,48.8100,48.8100,192301,0.0000,1.0000
2016-04-19,49.3900,49.6500,48.1600,48.3800,48.3800,313707,0.0000,1.0000
2016-04-18,48.9200,49.5300,48.7000,49.3600,49.3600,179248,0.0000,1.0000
2016-04-15,48.1800,49.0000,48.1300,48.9600,48.9600,321754,0.0000,1.0000
2016-04-14,48.2000,48.6100,48.1000,48.1500,48.1500,307243,0.0000,1.0000
2016-04-13,48.0700,48.3000,47.5000,48.1500,48.1500,361548,0.0000,1.0000
2016-04-12,48.4600,48.6650,47.7500,47.7900,47.7900,366059,0.0000,1.0000
2016-04-11,48.6900,49.2000,48.3700,48.5100,48.5100,305022,0.0000,1.0000
2016-04-08,49.0000,49.3000,48.2200,48.4200,48.4200,262907,0.0000,1.0000
2016-04-07,49.2300,49.8600,48.7100,49.0100,49.0100,282263,0.0000,1.0000
2016-04-06,48.7900,49.7000,48.6100,49.6000,49.6000,307761,0.0000,1.0000
2016-04-05,48.9400,49.0200,47.7400,48.7900,48.7900,1022888,0.0000,1.0000
2016-04-04,51.7200,52.4300,48.8900,49.1600,49.1600,574430,0.0000,1.0000
2016-04-01,51.6900,53.0700,51.5900,52.6900,52.6900,403955,0.0000,1.0000
2016-03-31,52.5600,52.9400,51.7600,51.9100,51.9100,289031,0.0000,1.0000
2016-03-30,51.8800,53.0600,51.6600,52.4200,52.4200,411173,0.0000,1.0000
2016-03-29,50.9500,51.7300,50.5700,51.6100,51.6100,374120,0.0000,1.0000
2016-03-28,50.9600,52.0500,50.7800,51.2100,51.2100,452928,0.0000,1.0000
2016-03-24,51.3500,51.8300,50.3400,50.6000,50.6000,328779,0.0000,1.0000
2016-03-23,52.1400,52.3000,51.3600,51.5500,51.5500,185115,0.0000,1.0000
2016-03-22,51.7700,52.7294,51.5000,52.3000,52.3000,157855,0.0000,1.0000
2016-03-21,52.1000,52.5000,51.6600,52.0900,52.0900,248133,0.0000,1.0000
2016-03-18,51.7000,53.0900,51.7000,52.3000,52.3000,591799,0.0000,1.0000
2016-03-17,51.5500,52.0100,51.0500,51.9400,51.9400,209216,0.0000,1.0000
2016-03-16,51.0100,52.3099,50.7300,51.5800,51.5800,277960,0.0000,1.0000
2016-03-15,50.9400,51.3000,50.5500,51.0800,51.0800,177930,0.0000,1.0000
2016-03-14,51.2100,51.7200,50.9000,51.0900,51.0900,188886,0.0000,1.0000
2016-03-11,51.4700,51.8100,50.7750,51.3400,51.3400,186878,0.0000,1.0000
2016-03-10,51.4600,51.7700,50.8100,51.0300,51.0300,176501,0.0000,1.0000
2016-03-09,51.0400,51.5000,50.9200,51.1300,51.1300,259998,0.0000,1.0000
2016-03-08,51.2500,51.3900,50.7100,50.8600,50.8600,195909,0.0000,1.0000
2016-03-07,52.7400,52.8300,51.0000,51.7000,51.7000,378754,0.0000,1.0000
2016-03-04,51.5900,53.9100,50.6800,52.8700,52.8700,1107571,0.0000,1.0000
2016-03-03,50.6000,51.4400,50.4900,51.4300,51.4300,429313,0.0000,1.0000
2016-03-02,48.8000,50.9500,48.3650,50.6000,50.6000,322434,0.0000,1.0000
2016-03-01,49.6800,49.8500,48.8700,48.9800,48.9800,629517,0.0000,1.0000
2016-02-29,49.5100,49.6000,48.9200,49.3000,49.3000,288255,0.0000,1.0000
2016-02-26,50.3900,50.8150,49.1800,49.4800,49.4800,272492,0.0000,1.0000
2016-02-25,49.5100,50.6200,49.2000,50.0700,50.0700,481632,0.0000,1.0000
2016-02-24,48.5700,49.5600,47.7200,49.2300,49.2300,190141,0.0000,1.0000
2016-02-23,48.7100,49.1700,48.5500,48.9000,48.9000,195027,0.0000,1.0000
2016-02-22,48.5800,49.1100,48.3848,48.7600,48.7600,268890,0.0000,1.0000
2016-02-19,47.8200,48.5400,47.4300,48.2400,48.2400,204154,0.0000,1.0000
2016-02-18,48.7700,48.9150,47.2600,48.0600,48.0600,341300,0.0000,1.0000
2016-02-17,46.5600,48.1100,46.5600,47.9300,47.9300,442936,0.0000,1.0000
2016-02-16,45.5300,46.4600,45.0600,46.3400,46.3400,572333,0.0000,1.0000
2016-02-12,45.3900,45.6890,44.5500,45.0700,45.0700,640972,0.0000,1.0000
2016-02-11,48.0000,48.8100,44.5750,44.9600,44.9600,796948,0.0000,1.0000
2016-02-10,45.0500,45.8500,44.5800,45.0400,45.0400,469841,0.0000,1.0000
2016-02-09,44.9600,45.5400,44.4700,44.6700,44.6700,285973,0.0000,1.0000
2016-02-08,46.6400,47.0950,44.6000,45.3900,45.3900,372246,0.0000,1.0000
2016-02-05,46.9600,47.4500,46.2800,47.1100,47.1100,328160,0.0000,1.0000
2016-02-04,45.5400,47.1300,45.0100,47.0000,47.0000,237538,0.0000,1.0000
2016-02-03,46.7500,46.7500,45.3600,45.9300,45.9300,472294,0.0000,1.0000
2016-02-02,47.2500,47.5350,46.3300,46.4300,46.4300,341603,0.0000,1.0000
2016-02-01,47.8200,48.0100,46.8900,47.5000,47.5000,315166,0.0000,1.0000
2016-01-29,45.7000,48.2900,45.4600,48.2100,48.2100,492297,0.0000,1.0000
2016-01-28,45.1800,45.8200,44.7600,45.6300,45.6300,323508,0.0000,1.0000
2016-01-27,44.5500,45.5000,44.2600,44.8800,44.8800,324717,0.0000,1.0000
2016-01-26,44.4300,45.1600,44.1800,44.6900,44.6900,347098,0.0000,1.0000
2016-01-25,44.6800,44.7550,44.0500,44.3600,44.3600,230274,0.0000,1.0000
2016-01-22,44.5800,44.9400,43.7900,44.7500,44.7500,302340,0.0000,1.0000
2016-01-21,43.9700,45.1000,43.9000,43.9900,43.9900,496218,0.0000,1.0000
2016-01-20,43.9300,44.4300,42.0800,43.9600,43.9600,419059,0.0000,1.0000
2016-01-19,45.0000,45.5300,44.2900,44.4900,44.4900,495856,0.0000,1.0000
2016-01-15,44.9600,45.2850,43.9400,44.9000,44.9000,333545,0.0000,1.0000
2016-01-14,45.3300,46.4300,44.6900,45.9500,45.9500,357933,0.0000,1.0000
2016-01-13,45.4700,46.5900,45.1900,45.2900,45.2900,464531,0.0000,1.0000
2016-01-12,45.9500,46.2800,44.7600,45.4400,45.4400,310299,0.0000,1.0000
2016-01-11,46.3600,46.7300,45.2400,45.6700,45.6700,798031,0.0000,1.0000
2016-01-08,47.9200,48.0600,46.1000,46.3300,46.3300,539643,0.0000,1.0000
2016-01-07,46.5000,48.2300,46.3200,47.7500,47.7500,565876,0.0000,1.0000
2016-01-06,46.0500,47.3700,46.0500,47.2400,47.2400,793843,0.0000,1.0000
2016-01-05,46.4500,48.4800,46.0100,46.7000,46.7000,1205898,0.0000,1.0000
2016-01-04,43.6600,45.3400,43.2100,45.2800,45.2800,602786,0.0000,1.0000
2015-12-31,44.9400,45.4100,44.5100,44.5100,44.5100,195556,0.0000,1.0000
2015-12-30,44.9200,45.5000,44.8700,45.0600,45.0600,197220,0.0000,1.0000
2015-12-29,44.6800,45.2100,43.9500,45.0000,45.0000,351311,0.0000,1.0000
2015-12-28,45.3600,45.4700,44.2500,44.3900,44.3900,276883,0.0000,1.0000
2015-12-24,45.6100,45.9600,45.3800,45.4200,45.4200,150845,0.0000,1.0000
2015-12-23,45.7100,46.2500,45.2100,45.7100,45.7100,629619,0.0000,1.0000
2015-12-22,44.4500,45.5200,44.1500,45.4800,45.4800,382794,0.0000,1.0000
2015-12-21,43.6000,44.3500,43.3700,44.3500,44.3500,357816,0.0000,1.0000
2015-12-18,42.8300,43.5700,42.3500,43.4000,43.4000,1554145,0.0000,1.0000
2015-12-17,43.0000,43.3500,42.3100,42.8500,42.8500,804509,0.0000,1.0000
2015-12-16,42.7500,43.2000,42.0300,43.0300,43.0300,440469,0.0000,1.0000
2015-12-15,42.7300,43.0400,42.2800,42.4500,42.4500,351512,0.0000,1.0000
2015-12-14,42.3600,42.9900,41.9600,42.4200,42.4200,474934,0.0000,1.0000
2015-12-11,42.1900,42.8250,42.1900,42.2800,42.2800,354871,0.0000,1.0000
2015-12-10,42.6700,43.3400,42.2800,42.4700,42.4700,374170,0.0000,1.0000
2015-12-09,43.6900,44.1900,42.3900,42.5400,42.5400,493531,0.0000,1.0000
2015-12-08,43.6600,44.1400,43.4200,43.7000,43.7000,338415,0.0000,1.0000
2015-12-07,43.1000,44.2000,42.5700,44.0300,44.0300,354694,0.0000,1.0000
2015-12-04,42.5000,43.3350,42.4100,43.1300,43.1300,193500,0.0000,1.0000
2015-12-03,43.5100,43.7300,42.3400,42.4400,42.4400,198786,0.0000,1.0000
2015-12-02,43.7700,44.0100,43.2500,43.3300,43.3300,183074,0.0000,1.0000
2015-12-01,44.1600,44.4520,43.6300,43.6800,43.6800,198160,0.0000,1.0000
2015-11-30,44.3400,44.7200,44.0100,44.0500,44.0500,356830,0.0000,1.0000
2015-11-27,44.2200,44.6900,44.2200,44.3600,44.3600,123754,0.0000,1.0000
2015-11-25,43.9100,44.3000,43.7200,44.1700,44.1700,298453,0.0000,1.0000
2015-11-24,42.9400,44.1020,42.8900,43.9400,43.9400,329688,0.0000,1.0000
2015-11-23,44.1800,44.2950,43.1700,43.3100,43.3100,297100,0.0000,1.0000
2015-11-20,43.4100,44.1500,43.1800,44.1400,44.1400,273982,0.0000,1.0000
2015-11-19,43.4500,43.8850,42.9100,43.1400,43.1400,280602,0.0000,1.0000
2015-11-18,43.3200,43.9800,42.8700,43.3500,43.3500,381187,0.0000,1.0000
2015-11-17,43.3900,43.7800,42.7850,43.4100,43.4100,220990,0.0000,1.0000
2015-11-16,42.3500,43.4900,42.2300,43.1400,43.1400,271783,0.0000,1.0000
2015-11-13,45.6800,45.6800,42.0600,42.4600,42.4600,499154,0.0000,1.0000
2015-11-12,43.4400,46.9000,43.4400,46.2900,46.2900,515735,0.0000,1.0000
2015-11-11,45.8300,46.0600,45.1500,45.4300,45.4300,186102,0.0000,1.0000
2015-11-10,45.0500,45.8800,44.9700,45.8700,45.8700,188667,0.0000,1.0000
2015-11-09,45.6500,45.6800,44.9200,45.2300,45.2300,172135,0.0000,1.0000
2015-11-06,45.8600,46.0950,45.6200,45.7700,45.7700,124784,0.0000,1.0000
2015-11-05,45.7400,46.2100,45.2700,46.0400,46.0400,186062,0.0000,1.0000
2015-11-04,46.1800,46.5400,45.6400,45.7600,45.7600,216311,0.0000,1.0000
2015-11-03,44.7400,46.4450,44.6500,46.0700,46.0700,277224,0.0000,1.0000
2015-11-02,44.7000,45.2900,44.5000,44.8400,44.8400,180899,0.0000,1.0000
2015-10-30,44.3200,44.8500,44.0550,44.7200,44.7200,213817,0.0000,1.0000
2015-10-29,44.1600,44.4500,43.7750,44.2900,44.2900,146147,0.0000,1.0000
2015-10-28,42.5000,44.3200,42.4700,44.3000,44.3000,175443,0.0000,1.0000
2015-10-27,43.0200,43.0200,41.9600,42.3700,42.3700,490999,0.0000,1.0000
2015-10-26,42.5200,43.4600,42.3700,43.1400,43.1400,217539,0.0000,1.0000
2015-10-23,42.3300,42.6700,41.9900,42.4900,42.4900,207683,0.0000,1.0000
2015-10-22,42.0900,42.6800,41.8800,42.1900,42.1900,375428,0.0000,1.0000
2015-10-21,42.8300,43.1300,41.7800,41.7800,41.7800,175687,0.0000,1.0000
2015-10-20,42.6500,43.3500,42.6200,42.6600,42.6600,206360,0.0000,1.0000
2015-10-19,42.6000,43.0250,42.3100,42.8100,42.8100,387567,0.0000,1.0000
2015-10-16,42.4300,43.0500,42.4300,42.4800,42.4800,272210,0.0000,1.0000
2015-10-15,42.6600,42.8550,41.9580,42.4300,42.4300,379240,0.0000,1.0000
2015-10-14,43.5400,44.0750,42.5100,42.5300,42.5300,260469,0.0000,1.0000
2015-10-13,43.6300,44.5700,43.4300,43.5400,43.5400,441988,0.0000,1.0000
2015-10-12,44.0000,44.3400,43.6300,43.7400,43.7400,333075,0.0000,1.0000
2015-10-09,44.0600,44.1950,43.6800,44.0000,44.0000,267860,0.0000,1.0000
2015-10-08,44.1900,44.4700,43.9700,43.9900,43.9900,179785,0.0000,1.0000
2015-10-07,44.0500,44.5600,43.9100,44.1700,44.1700,315115,0.0000,1.0000
2015-10-06,44.4600,45.1700,43.9600,43.9800,43.9800,486791,0.0000,1.0000
2015-10-05,43.5300,44.9000,43.5100,44.5800,44.5800,536371,0.0000,1.0000
2015-10-02,43.3900,43.5300,42.9200,43.4900,43.4900,418130,0.0000,1.0000
2015-10-01,44.1300,44.4400,43.1000,43.9100,43.9100,330943,0.0000,1.0000
2015-09-30,43.1700,44.5200,43.1700,44.4300,44.4300,361819,0.0000,1.0000
2015-09-29,43.0800,43.1500,42.5000,42.9000,42.9000,795191,0.0000,1.0000
2015-09-28,44.7900,45.0600,43.0300,43.0800,43.0800,329441,0.0000,1.0000
2015-09-25,45.5800,45.7930,44.7700,45.1000,45.1000,215624,0.0000,1.0000
2015-09-24,44.2000,45.2400,44.0500,44.9800,44.9800,269106,0.0000,1.0000
2015-09-23,44.6300,44.9800,44.2200,44.4000,44.4000,334525,0.0000,1.0000
2015-09-22,44.3500,45.1500,44.1100,44.6700,44.6700,255067,0.0000,1.0000
2015-09-21,45.3200,45.3900,44.2400,44.7600,44.7600,416405,0.0000,1.0000
2015-09-18,46.2100,46.5100,44.9300,45.0700,45.0700,572868,0.0000,1.0000
2015-09-17,47.2700,47.4000,46.4800,46.6800,46.6800,269226,0.0000,1.0000
2015-09-16,46.4300,47.5400,46.3700,46.9600,46.9600,210819,0.0000,1.0000
2015-09-15,46.1500,46.8000,46.1500,46.4700,46.4700,178691,0.0000,1.0000
2015-09-14,47.2600,47.2900,45.9001,46.1800,46.1800,190391,0.0000,1.0000
2015-09-11,45.7600,47.1300,45.6745,47.1200,47.1200,231316,0.0000,1.0000
2015-09-10,46.1500,46.9600,45.7700,45.9000,45.9000,175420,0.0000,1.0000
2015-09-09,47.2400,47.3400,46.0200,46.1800,46.1800,182606,0.0000,1.0000
2015-09-08,46.4700,47.2300,46.0700,46.9400,46.9400,168837,0.0000,1.0000
2015-09-04,46.0700,46.7450,45.7200,45.8200,45.8200,189653,0.0000,1.0000
2015-09-03,47.2900,47.4900,46.5900,46.7300,46.7300,256477,0.0000,1.0000
2015-09-02,47.2300,47.5850,46.0200,46.9900,46.9900,308399,0.0000,1.0000
2015-09-01,45.9100,46.9900,45.7900,46.5200,46.5200,256327,0.0000,1.0000
2015-08-31,48.2100,48.6000,46.6801,46.7600,46.7600,248932,0.0000,1.0000
2015-08-28,46.4200,48.6900,46.4200,48.4100,48.4100,343993,0.0000,1.0000
2015-08-27,45.9300,46.8199,45.8500,46.3000,46.3000,233355,0.0000,1.0000
2015-08-26,43.9700,45.6600,43.4101,45.4000,45.4000,336646,0.0000,1.0000
2015-08-25,44.6500,44.7300,43.3400,43.4300,43.4300,275073,0.0000,1.0000
2015-08-24,43.4700,45.1400,41.3400,43.9500,43.9500,345098,0.0000,1.0000
2015-08-21,45.7200,45.9600,45.0900,45.5400,45.5400,332238,0.0000,1.0000
2015-08-20,47.4800,47.4800,45.9700,46.0400,46.0400,166921,0.0000,1.0000
2015-08-19,48.1000,48.3700,47.4100,47.6400,47.6400,193865,0.0000,1.0000
2015-08-18,48.6300,49.2700,48.1400,48.2800,48.2800,221598,0.0000,1.0000
2015-08-17,48.3700,48.9100,48.0900,48.7400,48.7400,292814,0.0000,1.0000
2015-08-14,48.2400,48.8800,48.1200,48.3800,48.3800,220850,0.0000,1.0000
2015-08-13,47.2800,49.0150,47.0000,47.7100,47.7100,473923,0.0000,1.0000
2015-08-12,47.2200,47.5800,46.5800,47.3100,47.3100,262685,0.0000,1.0000
2015-08-11,47.1800,48.2150,47.0600,47.1300,47.1300,280070,0.0000,1.0000
2015-08-10,47.7700,48.6500,47.2000,47.2200,47.2200,298586,0.0000,1.0000
2015-08-07,48.1900,48.4800,47.2200,47.7400,47.7400,278662,0.0000,1.0000
2015-08-06,48.0600,48.9800,47.9300,48.3500,48.3500,216767,0.0000,1.0000
2015-08-05,47.4600,48.3900,47.4600,48.1700,48.1700,233026,0.0000,1.0000
2015-08-04,45.8800,47.3100,45.8800,47.2900,47.2900,160051,0.0000,1.0000
2015-08-03,46.9700,47.0900,45.6300,46.0700,46.0700,197898,0.0000,1.0000
2015-07-31,46.3600,47.4700,45.4140,47.1700,47.1700,263985,0.0000,1.0000
2015-07-30,46.0800,46.3200,45.8700,46.1600,46.1600,122052,0.0000,1.0000
2015-07-29,45.8800,46.6100,45.8800,46.2500,46.2500,258820,0.0000,1.0000
2015-07-28,44.7400,46.2600,44.6200,46.0500,46.0500,277692,0.0000,1.0000
2015-07-27,43.8200,44.7900,43.5700,44.7000,44.7000,241552,0.0000,1.0000
2015-07-24,44.8800,45.0100,43.9600,44.1500,44.1500,326006,0.0000,1.0000
2015-07-23,43.8300,44.1800,43.8300,44.0700,44.0700,349097,0.0000,1.0000
2015-07-22,42.2500,43.8300,42.1300,43.8300,43.8300,369888,0.0000,1.0000
2015-07-21,43.2500,43.7400,42.8500,42.8700,42.8700,118648,0.0000,1.0000
2015-07-20,42.8400,43.3600,42.3900,43.0500,43.0500,234223,0.0000,1.0000
2015-07-17,43.9000,43.9300,42.8400,42.9500,42.9500,216898,0.0000,1.0000
2015-07-16,44.3400,44.3700,43.9300,43.9700,43.9700,282547,0.0000,1.0000
2015-07-15,44.2900,44.3800,44.0100,44.1000,44.1000,219509,0.0000,1.0000
2015-07-14,43.5200,44.3800,43.5200,44.3200,44.3200,493731,0.0000,1.0000
2015-07-13,44.2500,44.2500,43.2700,43.5500,43.5500,265549,0.0000,1.0000
2015-07-10,44.4000,44.5500,43.8359,43.9300,43.9300,174896,0.0000,1.0000
2015-07-09,44.7700,44.7700,43.8800,43.9600,43.9600,288618,0.0000,1.0000
2015-07-08,44.0000,44.9300,43.8000,44.0800,44.0800,697010,0.0000,1.0000
2015-07-07,44.9900,45.0600,43.9750,44.2000,44.2000,376311,0.0000,1.0000
2015-07-06,44.3400,45.0950,43.4564,44.7200,44.7200,382341,0.0000,1.0000
2015-07-02,45.0000,45.0000,44.0500,44.5000,44.5000,441365,0.0000,1.0000
2015-07-01,45.1200,45.5000,44.6500,44.8100,44.8100,400475,0.0000,1.0000
2015-06-30,45.1900,45.2825,44.6900,44.9000,44.9000,326177,0.0000,1.0000
2015-06-29,45.2200,45.5500,44.9300,44.9800,44.9800,285694,0.0000,1.0000
2015-06-26,46.0600,46.3300,45.3800,45.7400,45.7400,530274,0.0000,1.0000
2015-06-25,46.0700,46.3400,45.5000,46.2200,46.2200,143181,0.0000,1.0000
2015-06-24,46.3900,46.4800,45.8600,46.0100,46.0100,242282,0.0000,1.0000
2015-06-23,46.6600,46.9400,46.2900,46.5800,46.5800,210314,0.0000,1.0000
2015-06-22,46.7200,47.0100,46.2100,46.6500,46.6500,332046,0.0000,1.0000
2015-06-19,47.4000,47.4150,46.6800,47.0700,47.0700,515235,0.0000,1.0000
2015-06-18,47.0000,47.7800,47.0000,47.4200,47.4200,133272,0.0000,1.0000
2015-06-17,47.4200,47.9600,47.2600,47.3900,47.3900,173423,0.0000,1.0000
2015-06-16,46.2500,47.6600,46.2500,47.3900,47.3900,174547,0.0000,1.0000
2015-06-15,45.8900,46.5300,45.7500,46.2500,46.2500,524101,0.0000,1.0000
2015-06-12,46.4200,46.9900,46.2800,46.5300,46.5300,213412,0.0000,1.0000
2015-06-11,47.0700,47.7700,47.0201,47.2400,47.2400,218883,0.0000,1.0000
2015-06-10,45.1800,47.3600,45.0900,46.9200,46.9200,277032,0.0000,1.0000
2015-06-09,44.8300,45.3800,44.7300,44.9200,44.9200,335209,0.0000,1.0000
2015-06-08,45.1500,45.4900,44.9700,44.9900,44.9900,193529,0.0000,1.0000
2015-06-05,45.1300,45.4800,44.8000,45.2800,45.2800,248338,0.0000,1.0000
2015-06-04,44.8100,45.4468,44.7100,45.3300,45.3300,295453,0.0000,1.0000
2015-06-03,45.0300,45.9200,44.9800,45.0200,45.0200,170788,0.0000,1.0000
2015-06-02,45.0000,45.4900,44.6400,45.0000,45.0000,311669,0.0000,1.0000
2015-06-01,46.1300,46.3600,45.5100,45.7600,45.7600,235368,0.0000,1.0000
2015-05-29,45.7500,46.6300,45.4400,46.0900,46.0900,383885,0.0000,1.0000
2015-05-28,46.0600,46.4400,46.0300,46.2500,46.2500,236567,0.0000,1.0000
2015-05-27,46.2500,46.4900,45.6300,46.2600,46.2600,354908,0.0000,1.0000
2015-05-26,46.4100,46.8000,45.0000,45.2200,45.2200,368996,0.0000,1.0000
2015-05-22,45.8300,46.7900,45.8300,46.7000,46.7000,324031,0.0000,1.0000
2015-05-21,44.8200,46.0900,44.8200,45.8200,45.8200,414612,0.0000,1.0000
2015-05-20,45.1200,45.8400,45.0900,45.2500,45.2500,344806,0.0000,1.0000
2015-05-19,45.3400,45.5000,44.9600,45.0500,45.0500,250457,0.0000,1.0000
2015-05-18,43.8100,46.0700,43.5500,45.4100,45.4100,739584,0.0000,1.0000
2015-05-15,43.6800,44.0900,43.5100,43.9700,43.9700,225802,0.0000,1.0000
2015-05-14,42.2900,43.6300,40.5300,43.4800,43.4800,976570,0.0000,1.0000
2015-05-13,44.4300,44.4300,43.5800,43.9400,43.9400,392750,0.0000,1.0000
2015-05-12,44.0200,44.7600,43.6900,44.2400,44.2400,381983,0.0000,1.0000
2015-05-11,45.5000,45.5000,44.0000,44.4100,44.4100,301690,0.0000,1.0000
2015-05-08,44.9300,45.4900,44.8400,44.9800,44.9800,92578,0.0000,1.0000
2015-05-07,44.1600,44.7700,43.7050,44.5000,44.5000,205494,0.0000,1.0000
2015-05-06,44.4100,44.6500,43.7500,44.3000,44.3000,200030,0.0000,1.0000
2015-05-05,44.9700,45.4800,43.7300,44.1800,44.1800,244719,0.0000,1.0000
2015-05-04,43.7900,45.2100,43.7500,45.1600,45.1600,186850,0.0000,1.0000
2015-05-01,44.0800,44.7300,43.5400,43.7400,43.7400,257544,0.0000,1.0000
2015-04-30,43.7500,44.2000,43.4250,43.7600,43.7600,332629,0.0000,1.0000
2015-04-29,44.0600,44.4200,43.6500,43.9400,43.9400,362253,0.0000,1.0000
2015-04-28,44.3100,45.0000,44.0400,44.2500,44.2500,283347,0.0000,1.0000
2015-04-27,44.9300,45.1700,44.2000,44.4800,44.4800,215511,0.0000,1.0000
2015-04-24,45.4500,45.5500,44.7000,44.8800,44.8800,141130,0.0000,1.0000
2015-04-23,44.4300,46.5500,44.4300,45.4900,45.4900,421427,0.0000,1.0000
2015-04-22,43.8600,44.7600,43.4400,44.6500,44.6500,155141,0.0000,1.0000
2015-04-21,44.1400,44.3600,43.2600,43.8800,43.8800,344975,0.0000,1.0000
2015-04-20,44.3500,44.7700,43.8600,43.9700,43.9700,384724,0.0000,1.0000
2015-04-17,43.6800,44.1700,43.3500,43.9500,43.9500,709847,0.0000,1.0000
2015-04-16,44.6700,45.0000,43.8500,43.9600,43.9600,563957,0.0000,1.0000
2015-04-15,45.0000,45.5100,44.4950,44.8000,44.8000,875568,0.0000,1.0000
2015-04-14,44.4200,44.4200,43.5800,43.8800,43.8800,317132,0.0000,1.0000
2015-04-13,44.0400,44.5600,44.0000,44.5100,44.5100,121426,0.0000,1.0000
2015-04-10,43.8200,44.8400,43.8200,44.1700,44.1700,124486,0.0000,1.0000
2015-04-09,44.0800,44.5700,43.5300,43.7400,43.7400,122165,0.0000,1.0000
2015-04-08,44.1800,44.5000,43.9400,44.1700,44.1700,133165,0.0000,1.0000
2015-04-07,43.1600,43.9350,43.0800,43.9300,43.9300,200794,0.0000,1.0000
2015-04-06,42.8000,44.3500,42.8000,43.3800,43.3800,319774,0.0000,1.0000
2015-04-02,43.2800,43.8800,43.1400,43.2600,43.2600,566941,0.0000,1.0000
2015-04-01,42.7600,43.5700,42.3800,43.5300,43.5300,250314,0.0000,1.0000
2015-03-31,41.8100,43.5100,41.5983,42.8200,42.8200,344652,0.0000,1.0000
2015-03-30,42.1300,42.7723,41.7200,41.9900,41.9900,561747,0.0000,1.0000
2015-03-27,42.0000,42.6197,41.7600,41.9400,41.9400,199951,0.0000,1.0000
2015-03-26,40.6500,42.2600,40.5000,41.9300,41.9300,258651,0.0000,1.0000
2015-03-25,42.0400,42.5660,41.0500,41.1100,41.1100,348590,0.0000,1.0000
2015-03-24,42.7200,43.3100,42.3900,42.4900,42.4900,237053,0.0000,1.0000
2015-03-23,43.9100,44.3800,42.3300,42.7500,42.7500,636758,0.0000,1.0000
2015-03-20,43.2900,44.3400,43.2900,43.9600,43.9600,949926,0.0000,1.0000
2015-03-19,42.1500,43.3900,42.1500,43.1400,43.1400,185716,0.0000,1.0000
2015-03-18,41.5100,43.0000,41.3500,42.4200,42.4200,243514,0.0000,1.0000
2015-03-17,42.0000,42.3500,41.2700,41.4800,41.4800,335886,0.0000,1.0000
2015-03-16,39.9800,42.0800,39.8800,42.0000,42.0000,362008,0.0000,1.0000
2015-03-13,40.5800,40.8500,39.7500,40.1500,40.1500,514732,0.0000,1.0000
2015-03-12,39.5600,41.3300,39.5101,40.4200,40.4200,485826,0.0000,1.0000
2015-03-11,39.2000,41.0000,39.2000,40.4800,40.4800,1026407,0.0000,1.0000
2015-03-10,39.0300,39.5300,38.5100,39.3500,39.3500,876664,0.0000,1.0000
2015-03-09,41.0000,41.0000,39.4320,39.5600,39.5600,961913,0.0000,1.0000
2015-03-06,42.5000,42.5899,39.3300,41.0100,41.0100,1247853,0.0000,1.0000
2015-03-05,43.1800,43.4900,42.5100,42.5900,42.5900,624347,0.0000,1.0000
2015-03-04,43.7500,43.9000,42.9200,43.4800,43.4800,297769,0.0000,1.0000
2015-03-03,42.9000,43.6275,42.8000,43.0000,43.0000,429620,0.0000,1.0000
2015-03-02,43.3000,44.4400,42.5900,42.9300,42.9300,763122,0.0000,1.0000
2015-02-27,44.1100,44.4900,43.1400,43.6600,43.6600,686372,0.0000,1.0000
2015-02-26,44.8000,45.0000,44.0600,44.4500,44.4500,476750,0.0000,1.0000
2015-02-25,44.7500,45.0000,44.2680,44.5100,44.5100,682337,0.0000,1.0000
2015-02-24,44.5100,45.2400,43.5900,44.9800,44.9800,414982,0.0000,1.0000
2015-02-23,45.0500,45.6400,44.4900,44.8200,44.8200,332798,0.0000,1.0000
2015-02-20,43.7500,45.7200,43.4400,45.6400,45.6400,291547,0.0000,1.0000
2015-02-19,44.5000,45.1550,43.8000,43.8800,43.8800,651474,0.0000,1.0000
2015-02-18,43.4200,46.5600,43.0660,45.0000,45.0000,1283942,0.0000,1.0000
2015-02-17,40.1500,43.3400,39.6000,43.2600,43.2600,780415,0.0000,1.0000
2015-02-13,43.2800,44.4400,39.9200,41.0200,41.0200,1836962,0.0000,1.0000
2015-02-12,42.5000,43.3700,42.0500,43.0000,43.0000,1752986,0.0000,1.0000
2015-02-11,39.7500,42.5000,39.5000,41.4400,41.4400,2108118,0.0000,1.0000
2015-02-10,37.0200,41.0600,37.0000,39.3000,39.3000,2201162,0.0000,1.0000
